{"id":0,"embedding":[0.037178341299295425,-0.010241042822599411,0.005155143328011036,-0.034562550485134125,0.031183019280433655,-0.048294033855199814,-0.02662988379597664,-0.0001379877357976511,-0.04694405570626259,-0.014018774963915348,0.019709022715687752,-0.028246471658349037,0.008987818844616413,0.015161201357841492,-0.0034340640995651484,-0.033038634806871414,-0.053223446011543274,0.0023260670714080334,-0.02989845722913742,-0.010422325693070889,-0.10093285888433456,0.02076556347310543,-0.01626678742468357,-0.012815103866159916,-0.018756704404950142,-0.06740318238735199,0.03648723289370537,0.07192280143499374,-0.03933015465736389,-0.016884827986359596,-0.006330109667032957,0.003009588923305273,-0.0012017429107800126,-0.032591067254543304,-0.012494362890720367,0.011913297697901726,-0.008902642875909805,0.012133201584219933,0.022083759307861328,0.007752562873065472,0.01894853450357914,0.031713660806417465,0.04771414026618004,0.015337438322603703,-0.028025688603520393,-0.014154260978102684,-0.018161071464419365,0.046942971646785736,0.0008918534149415791,-0.037876322865486145,-0.049707457423210144,0.011657576076686382,0.014712953008711338,0.027206046506762505,0.01794004999101162,0.006805655546486378,-0.034164395183324814,-0.028054524213075638,-0.010616897605359554,0.0056796870194375515,0.023511888459324837,-0.04244312644004822,-0.009762889705598354,-0.06998973339796066,-0.043431565165519714,-0.004959608893841505,0.022885577753186226,-0.012180092744529247,-0.008187108673155308,-0.04064305126667023,-0.012459566816687584,0.044281840324401855,0.02979862689971924,-0.026835698634386063,0.017818573862314224,-0.017760787159204483,0.014068562537431717,-0.004526868928223848,0.039123330265283585,-0.008297627791762352,-0.0010786023922264576,-0.009874984622001648,-0.04051286727190018,-0.1260393261909485,0.0033848737366497517,0.02754007838666439,-0.056667059659957886,-0.0421912744641304,0.006981760263442993,-0.013549727387726307,-0.05951954796910286,0.0022786858025938272,0.012408237904310226,0.015456832014024258,-0.037876520305871964,0.00391736626625061,-0.01370149478316307,-0.04112407937645912,-0.026887239888310432,-0.01643575169146061,-0.04345466569066048,-0.02505817450582981,-0.005326699931174517,-0.02218462899327278,0.018656881526112556,0.006910065654665232,0.02399749867618084,0.05110954865813255,0.0015555669087916613,-0.08818347007036209,-0.05335457995533943,0.007975767366588116,-0.05583783611655235,-0.0039590452797710896,-0.009592381305992603,-0.0160411074757576,-0.020345870405435562,-0.02656758576631546,0.0009866601321846247,0.027231866493821144,-0.04437876492738724,0.016770310699939728,-0.008400049060583115,0.01866566576063633,-0.047517262399196625,0.025512879714369774,0.018202217295765877,0.021363241598010063,0.01964673399925232,-0.05499234423041344,0.0024383440613746643,0.018833115696907043,0.02339874766767025,-0.0363391675055027,0.08781329542398453,0.04450971260666847,-0.0015475795371457934,0.025574160739779472,0.0007803033804520965,0.032209619879722595,-0.03240686655044556,-0.005954636726528406,-0.015328997746109962,0.0043046362698078156,-0.024285459890961647,-0.06100235506892204,0.06691054254770279,-0.021937105804681778,-0.088676817715168,-0.03672683984041214,0.03785563260316849,-0.024482207372784615,-0.006820414215326309,0.05101653188467026,0.059561893343925476,0.064438596367836,0.03345676138997078,0.09278328716754913,-0.014997223392128944,-0.049916137009859085,0.026704417541623116,-0.04350223019719124,0.015151609666645527,0.0010815920541062951,-0.031125860288739204,0.02641860395669937,-0.003803517436608672,0.01484037097543478,0.03293772414326668,0.0777038186788559,0.04635576531291008,-0.0896349772810936,-0.02244400978088379,-0.027389222756028175,0.022332942113280296,0.0344357043504715,0.01164824329316616,0.00806773267686367,0.012610046193003654,-0.021343057975172997,-0.011062335222959518,-0.06312946230173111,-0.013427897356450558,0.0033524702303111553,-0.026110874488949776,-0.035514794290065765,0.02707277052104473,-0.027220943942666054,0.002103047212585807,0.09238164126873016,0.0016821683384478092,0.04856530949473381,0.013537541963160038,-0.044233690947294235,0.03850209712982178,-0.04596838355064392,0.003916425630450249,-0.12498161941766739,0.016334351152181625,0.08118710666894913,-0.03180756792426109,-0.018079586327075958,-0.0009765868308022618,-0.025274742394685745,-0.0026886092964559793,-0.024045433849096298,-0.003801800077781081,0.027210494503378868,-0.02745736949145794,-0.016002653166651726,0.029373351484537125,-0.013894601725041866,0.06923407316207886,-0.04841572046279907,0.00099463970400393,0.043607670813798904,0.0012745448620989919,-0.03459160402417183,-0.07139088958501816,0.006804245058447123,0.014850643463432789,0.037650614976882935,0.0036757993511855602,0.005571107380092144,0.013414959423244,-0.022788282483816147,0.04186137765645981,0.04092023894190788,0.06333114206790924,-0.006900904234498739,-0.03553526848554611,-0.018338799476623535,-0.038865022361278534,-0.03548991307616234,-0.014487924985587597,0.01464682538062334,-0.04748237133026123,0.014155549928545952,-0.048027154058218,-0.034620821475982666,0.026931647211313248,0.05273715779185295,-0.02929862216114998,0.043522145599126816,0.0009676262852735817,-0.04251611605286598,0.016608817502856255,0.029020963236689568,0.0005191799718886614,-0.05683349817991257,0.010318898595869541,-0.06397700309753418,0.02976830303668976,-0.00030128975049592555,-0.021657794713974,-0.00561708165332675,0.020266173407435417,0.015569653362035751,-0.03219127282500267,0.010411345399916172,-0.012055519036948681,-0.018278123810887337,0.039418987929821014,0.13422097265720367,-0.00901469960808754,0.042616669088602066,-0.04810887202620506,-0.07791227102279663,0.01628507673740387,-0.019286001101136208,0.041215188801288605,-0.04129360616207123,0.025143198668956757,0.040801629424095154,-0.005022793542593718,0.06959742307662964,0.010114950127899647,0.04325450584292412,-0.040806666016578674,0.04088291525840759,-0.0044297100976109505,0.003663318930193782,0.002756609581410885,-0.005245824810117483,-0.0646960437297821,0.016321156173944473,0.02017533779144287,0.017714859917759895,0.03240847587585449,-0.015416747890412807,0.08337979018688202,0.02059670351445675,0.03628282621502876,0.07784561812877655,-0.007176239509135485,0.011233452707529068,0.008337386883795261,-0.007738348562270403,0.013367244973778725,0.08448842167854309,0.03569736331701279,-0.03974134102463722,-0.04066935554146767,-0.03783304616808891,-0.015288370661437511,-0.016800783574581146,-0.043874964118003845,-0.01111596915870905,-0.0016100486973300576,-0.025312654674053192,-0.01904103346168995,-0.008598311804234982,-0.003259138436987996,0.00783050898462534,-0.008143377490341663,0.011318899691104889,0.013267206959426403,-0.00852874107658863,-0.12107857316732407,0.019733326509594917,-0.06392843276262283,0.029921289533376694,0.02142391726374626,0.061754290014505386,0.00801329780369997,0.005887649953365326,0.013393322937190533,-0.01969784125685692,0.05059953033924103,-0.020450633019208908,-0.022754650563001633,0.021983206272125244,-0.016432082280516624,0.004550399258732796,-0.0041282763704657555,-0.008631682023406029,-0.021715834736824036,0.022907216101884842,-0.028852082788944244,-0.054161813110113144,-0.0009605905506759882,-0.016759350895881653,-0.03753099963068962,-0.01661296747624874,-0.039313752204179764,0.02782754972577095,-0.023183267563581467,-0.002245513256639242,-0.060280270874500275,-0.02455896884202957,-0.01408697571605444,0.030180053785443306,0.004886467941105366,0.0525568388402462,0.022666528820991516,0.027814116328954697,0.03795415908098221,-0.017387056723237038,-0.026127632707357407,0.0003779641701839864,-0.008303946815431118,0.007018422242254019,-0.03633454442024231,0.04893845319747925,-0.01607528142631054,0.0023567713797092438,-0.08998365700244904,0.014059526845812798,0.0018588403472676873,-0.02862502448260784,-0.03616730123758316,-0.029410460963845253,-0.033743225038051605,-0.03601248562335968,-0.07789067178964615,-0.04898618161678314,